BookID, BookTitle, BookDescription, BookPageCount, BookExcerpt, BookPublishDate
0, title1, des1, 1, excerpt1, "2022-09-08T16:46:55.252Z"
1, title2, des1, 2, excerpt1, "2022-09-05T16:46:55.252Z"
2, title3, des1, 3, excerpt1, "2022-09-07T16:46:55.252Z"
3, title4, des1, 1, excerpt1, "2022-09-01T16:46:55.252Z"
4, title5, des1, 5, excerpt1, "2022-09-03T16:46:55.252Z"
5, title6, des1, 4, excerpt1, "2022-09-04T16:46:55.252Z"
6, title7, des1, 6, excerpt1, "2022-09-05T16:46:55.252Z"
7, title8, des1, 5, excerpt1, "2022-09-08T16:46:55.252Z"
8, title9, des1, 1, excerpt1, "2022-09-08T16:46:55.252Z"
9, title10, des1, 1, excerpt1, "2022-09-08T16:46:55.252Z"